ITL,ITL code,Region,1997,1998,1999,2000,2001,2002,2003,2004,2005,2006,2007,2008,2009,2010,2011,2012,2013,2014,2015,2016,2017,2018,"2019
[note 2]"
UK,UK,United Kingdom,"629,076","644,335","676,540","721,329","748,032","772,226","795,778","830,727","869,481","908,873","959,798","993,951","1,015,234","1,035,884","1,059,734","1,107,318","1,152,816","1,195,778","1,270,370","1,295,043","1,324,194","1,389,040","1,431,678"
Other,TLB,All households,"537,623","551,474","579,881","618,107","640,878","660,465","680,104","709,358","742,981","776,671","820,911","848,781","868,318","885,597","905,000","947,537","988,097","1,026,441","1,094,671","1,117,306","1,142,493","1,199,737","1,237,085"
ITL1,TLC,North East,"23,851","23,955","24,780","26,257","27,244","27,820","28,558","29,801","30,551","31,689","32,686","33,530","35,002","35,851","36,517","38,138","38,971","39,990","41,596","42,163","42,993","44,460","45,645"
ITL2,TLC1,Tees Valley and Durham,"10,629","10,584","11,053","11,718","12,178","12,377","12,635","13,225","13,671","14,148","14,558","14,904","15,500","15,892","16,217","16,875","17,203","17,767","18,415","18,622","19,008","19,675","20,166"
ITL3,TLC11,Hartlepool and Stockton-on-Tees,"2,492","2,486","2,634","2,784","2,906","3,008","3,089","3,228","3,372","3,508","3,610","3,722","3,852","3,946","4,076","4,208","4,249","4,397","4,524","4,580","4,674","4,814","4,952"
ITL3,TLC12,South Teesside,"2,568","2,468","2,588","2,746","2,854","2,855","2,899","3,013","3,126","3,241","3,283","3,346","3,516","3,542","3,626","3,844","3,896","4,055","4,179","4,198","4,261","4,419","4,548"
ITL3,TLC13,Darlington,956,945,954,"1,041","1,116","1,131","1,166","1,203","1,239","1,275","1,356","1,370","1,443","1,458","1,457","1,516","1,566","1,590","1,665","1,731","1,800","1,844","1,857"
ITL3,TLC14,Durham CC,"4,613","4,685","4,877","5,147","5,303","5,383","5,482","5,780","5,934","6,124","6,309","6,466","6,689","6,946","7,058","7,307","7,492","7,725","8,048","8,113","8,273","8,597","8,809"
ITL2,TLC2,Northumberland and Tyne and Wear,"13,222","13,371","13,727","14,539","15,066","15,442","15,922","16,576","16,880","17,541","18,128","18,626","19,502","19,959","20,300","21,263","21,768","22,223","23,180","23,542","23,986","24,786","25,479"
ITL3,TLC21,Northumberland,"3,159","3,197","3,368","3,597","3,720","3,805","3,981","4,119","4,216","4,474","4,604","4,900","5,193","5,209","5,273","5,467","5,602","5,703","5,917","6,046","6,181","6,356","6,518"
ITL3,TLC22,Tyneside,"7,576","7,713","7,782","8,193","8,519","8,740","8,991","9,424","9,516","9,838","10,177","10,344","10,828","11,178","11,377","11,980","12,242","12,556","13,174","13,292","13,513","14,083","14,514"
ITL3,TLC23,Sunderland,"2,486","2,461","2,577","2,748","2,827","2,897","2,951","3,033","3,147","3,229","3,347","3,383","3,481","3,572","3,650","3,817","3,924","3,964","4,089","4,203","4,292","4,347","4,446"
ITL1,TLD,North West,"66,460","67,495","70,919","74,828","77,009","79,507","82,188","85,349","88,646","91,808","95,955","98,035","101,694","103,366","105,281","109,226","112,588","115,857","122,311","123,695","127,132","132,709","136,553"
ITL2,TLD1,Cumbria,"4,870","5,072","5,218","5,446","5,781","5,901","6,200","6,515","6,773","7,050","7,390","7,528","7,827","8,062","8,113","8,494","8,734","8,954","9,376","9,416","9,583","9,859","10,116"
ITL3,TLD11,West Cumbria,"2,138","2,218","2,281","2,432","2,552","2,548","2,661","2,809","2,891","3,029","3,239","3,297","3,404","3,504","3,553","3,741","3,799","3,892","4,089","4,122","4,181","4,272","4,342"
ITL3,TLD12,East Cumbria,"2,732","2,854","2,938","3,014","3,229","3,353","3,540","3,706","3,883","4,021","4,150","4,230","4,423","4,558","4,559","4,753","4,935","5,062","5,287","5,295","5,403","5,587","5,775"
ITL2,TLD3,Greater Manchester,"24,244","24,569","26,114","27,595","28,255","29,098","29,816","30,846","32,023","33,281","34,728","35,434","36,652","37,335","38,200","39,723","40,988","42,224","44,654","45,238","46,571","48,802","50,382"
ITL3,TLD33,Manchester,"2,988","3,112","3,382","3,608","3,758","3,987","4,097","4,287","4,587","4,802","5,028","5,200","5,497","5,648","5,883","6,124","6,382","6,602","7,123","7,334","7,730","8,176","8,471"
ITL3,TLD34,Greater Manchester South West,"5,226","5,255","5,513","5,798","5,854","6,010","6,161","6,375","6,612","6,840","7,126","7,282","7,432","7,527","7,695","7,972","8,180","8,421","9,168","9,255","9,437","9,916","10,247"
ITL3,TLD35,Greater Manchester South East,"4,967","5,014","5,356","5,661","5,749","5,901","6,082","6,180","6,402","6,641","6,922","7,060","7,367","7,533","7,709","7,977","8,216","8,525","9,020","9,271","9,487","9,938","10,232"
ITL3,TLD36,Greater Manchester North West,"5,592","5,636","5,954","6,280","6,454","6,600","6,775","7,036","7,246","7,539","7,867","7,983","8,206","8,357","8,501","8,847","9,090","9,248","9,458","9,440","9,806","10,155","10,420"
ITL3,TLD37,Greater Manchester North East,"5,471","5,552","5,909","6,248","6,439","6,600","6,700","6,968","7,176","7,458","7,786","7,910","8,149","8,270","8,412","8,802","9,121","9,428","9,886","9,937","10,111","10,617","11,013"
ITL2,TLD4,Lancashire,"13,458","13,625","14,154","15,070","15,617","15,997","16,508","17,159","17,940","18,549","19,397","19,911","20,693","20,967","21,405","21,888","22,397","23,018","24,236","24,592","25,258","26,224","26,900"
ITL3,TLD41,Blackburn with Darwen,"1,173","1,183","1,242","1,257","1,290","1,294","1,352","1,399","1,484","1,540","1,578","1,585","1,628","1,698","1,705","1,732","1,749","1,809","1,872","1,897","1,978","2,097","2,168"
ITL3,TLD42,Blackpool,"1,392","1,396","1,410","1,530","1,538","1,558","1,535","1,564","1,598","1,631","1,710","1,742","1,809","1,848","1,907","1,920","1,954","2,000","2,078","2,123","2,178","2,219","2,270"
ITL3,TLD44,Lancaster and Wyre,"2,189","2,228","2,327","2,490","2,602","2,702","2,802","2,917","3,045","3,143","3,277","3,359","3,535","3,579","3,640","3,745","3,862","3,968","4,116","4,164","4,330","4,515","4,615"
ITL3,TLD45,Mid Lancashire,"3,880","3,923","4,072","4,343","4,523","4,643","4,824","5,035","5,253","5,446","5,689","5,827","6,052","6,104","6,215","6,357","6,466","6,674","7,065","7,191","7,366","7,652","7,852"
ITL3,TLD46,East Lancashire,"2,691","2,733","2,850","3,022","3,140","3,195","3,293","3,432","3,625","3,751","3,961","4,116","4,258","4,298","4,385","4,463","4,609","4,670","4,898","5,015","5,100","5,260","5,407"
ITL3,TLD47,Chorley and West Lancashire,"2,133","2,162","2,253","2,428","2,523","2,605","2,700","2,812","2,935","3,037","3,181","3,282","3,411","3,441","3,553","3,670","3,755","3,897","4,208","4,203","4,306","4,481","4,587"
ITL2,TLD6,Cheshire,"9,759","9,935","10,469","11,028","11,299","11,935","12,565","13,151","13,669","14,142","14,809","15,164","15,612","15,734","15,970","16,711","17,368","18,008","19,276","19,366","20,084","21,220","21,840"
ITL3,TLD61,Warrington,"1,966","2,010","2,119","2,308","2,415","2,466","2,534","2,681","2,756","2,874","3,056","3,093","3,156","3,216","3,313","3,502","3,564","3,715","4,020","4,002","4,106","4,315","4,399"
ITL3,TLD62,Cheshire East,"4,255","4,336","4,553","4,744","4,825","5,159","5,445","5,646","5,891","6,101","6,365","6,526","6,741","6,779","6,891","7,170","7,584","7,886","8,535","8,567","8,883","9,461","9,790"
ITL3,TLD63,Cheshire West and Chester,"3,538","3,589","3,798","3,975","4,059","4,310","4,587","4,824","5,022","5,166","5,388","5,545","5,715","5,740","5,765","6,039","6,220","6,406","6,721","6,797","7,095","7,445","7,651"
ITL2,TLD7,Merseyside,"14,129","14,296","14,963","15,688","16,057","16,576","17,099","17,677","18,240","18,786","19,632","19,997","20,911","21,267","21,593","22,411","23,101","23,653","24,769","25,082","25,634","26,603","27,315"
ITL3,TLD71,East Merseyside,"3,716","3,769","3,982","4,300","4,491","4,602","4,746","4,953","5,172","5,340","5,639","5,776","5,984","6,062","6,160","6,360","6,523","6,674","7,013","7,181","7,420","7,728","7,954"
ITL3,TLD72,Liverpool,"3,854","3,850","4,065","4,258","4,417","4,538","4,691","4,890","5,036","5,285","5,473","5,483","5,770","5,914","6,058","6,310","6,528","6,768","7,124","7,183","7,338","7,607","7,806"
ITL3,TLD73,Sefton,"3,267","3,321","3,405","3,402","3,333","3,446","3,537","3,639","3,779","3,832","3,947","4,033","4,255","4,312","4,351","4,526","4,675","4,700","4,937","4,991","5,087","5,224","5,341"
ITL3,TLD74,Wirral,"3,292","3,355","3,511","3,728","3,816","3,990","4,126","4,196","4,253","4,329","4,573","4,705","4,902","4,979","5,023","5,215","5,376","5,511","5,695","5,728","5,790","6,044","6,213"
ITL1,TLE,Yorkshire and The Humber,"47,871","49,180","51,613","54,391","56,034","57,965","59,839","62,151","64,481","66,887","70,113","71,526","73,576","74,590","76,619","79,341","81,638","84,064","88,537","89,373","91,851","96,329","98,829"
ITL2,TLE1,East Yorkshire and Northern Lincolnshire,"8,099","8,286","8,795","9,199","9,435","9,809","10,186","10,648","11,051","11,429","11,956","12,161","12,455","12,630","13,080","13,434","13,611","13,971","14,655","14,851","15,314","16,084","16,483"
ITL3,TLE11,"Kingston upon Hull, City of","1,943","1,992","2,101","2,267","2,360","2,427","2,446","2,516","2,603","2,626","2,724","2,812","2,926","2,956","3,053","3,147","3,191","3,303","3,423","3,495","3,595","3,763","3,873"
ITL3,TLE12,East Riding of Yorkshire,"3,277","3,334","3,642","3,765","3,787","3,991","4,189","4,433","4,649","4,861","5,034","5,122","5,258","5,350","5,497","5,625","5,708","5,853","6,227","6,262","6,450","6,821","7,000"
ITL3,TLE13,North and North East Lincolnshire,"2,879","2,960","3,052","3,167","3,288","3,391","3,551","3,699","3,799","3,942","4,198","4,228","4,270","4,324","4,530","4,661","4,713","4,815","5,004","5,094","5,269","5,500","5,610"
ITL2,TLE2,North Yorkshire,"8,306","8,815","9,138","9,378","9,770","10,270","10,549","10,854","11,477","12,178","12,725","13,049","13,601","13,671","14,035","14,648","15,015","15,299","16,300","16,419","16,890","17,862","18,421"
ITL3,TLE21,York,"1,837","1,963","2,121","2,220","2,336","2,450","2,466","2,443","2,521","2,658","2,826","2,857","2,982","3,050","3,132","3,301","3,409","3,565","3,764","3,789","3,902","4,149","4,258"
ITL3,TLE22,North Yorkshire CC,"6,468","6,852","7,017","7,158","7,433","7,820","8,082","8,411","8,957","9,520","9,898","10,193","10,620","10,621","10,903","11,347","11,606","11,735","12,537","12,629","12,988","13,713","14,163"
ITL2,TLE3,South Yorkshire,"11,456","11,673","12,322","13,003","13,521","13,910","14,368","14,968","15,402","15,855","16,505","16,846","17,413","17,697","18,209","18,907","19,485","20,294","21,138","21,319","21,922","22,921","23,464"
ITL3,TLE31,"Barnsley, Doncaster and Rotherham","6,631","6,772","7,172","7,619","7,876","8,097","8,427","8,670","9,001","9,336","9,798","9,920","10,197","10,440","10,815","11,243","11,639","12,106","12,590","12,731","13,179","13,723","14,030"
ITL3,TLE32,Sheffield,"4,826","4,901","5,150","5,383","5,645","5,813","5,940","6,298","6,401","6,519","6,707","6,925","7,216","7,257","7,394","7,664","7,846","8,188","8,548","8,589","8,743","9,198","9,434"
ITL2,TLE4,West Yorkshire,"20,010","20,406","21,359","22,811","23,308","23,976","24,736","25,682","26,551","27,424","28,927","29,470","30,107","30,592","31,296","32,352","33,527","34,500","36,444","36,784","37,725","39,462","40,462"
ITL3,TLE41,Bradford,"4,364","4,410","4,629","4,932","4,931","5,081","5,190","5,464","5,591","5,757","6,049","6,208","6,378","6,439","6,583","6,791","7,060","7,298","7,678","7,708","7,842","8,068","8,263"
ITL3,TLE42,Leeds,"7,277","7,391","7,729","8,295","8,532","8,739","8,955","9,156","9,508","9,814","10,357","10,589","10,782","10,963","11,285","11,613","12,015","12,330","13,034","13,263","13,599","14,359","14,779"
ITL3,TLE44,Calderdale and Kirklees,"5,461","5,606","5,866","6,244","6,406","6,587","6,865","7,176","7,429","7,691","8,119","8,243","8,433","8,580","8,809","9,170","9,510","9,792","10,356","10,344","10,568","11,079","11,384"
ITL3,TLE45,Wakefield,"2,909","2,999","3,135","3,340","3,438","3,570","3,726","3,886","4,024","4,162","4,402","4,430","4,514","4,611","4,619","4,779","4,943","5,080","5,375","5,469","5,715","5,955","6,036"
ITL1,TLF,East Midlands,"40,592","41,511","43,618","45,907","47,788","49,468","51,709","54,047","56,233","58,422","62,369","63,697","64,996","65,825","67,859","70,691","73,138","75,802","80,281","81,034","83,730","87,420","90,117"
ITL2,TLF1,Derbyshire and Nottinghamshire,"18,479","19,046","20,082","20,945","21,901","22,744","23,706","24,757","25,569","26,561","28,190","28,831","29,470","29,576","30,252","31,548","32,798","33,928","35,981","36,170","37,108","38,717","40,036"
ITL3,TLF11,Derby,"2,142","2,169","2,278","2,285","2,393","2,502","2,564","2,691","2,707","2,897","2,998","3,000","3,178","3,126","3,160","3,368","3,490","3,662","3,825","3,860","4,000","4,171","4,321"
ITL3,TLF12,East Derbyshire,"2,295","2,375","2,542","2,652","2,859","2,953","3,028","3,139","3,258","3,420","3,625","3,630","3,684","3,713","3,815","3,965","4,061","4,173","4,468","4,427","4,590","4,847","4,994"
ITL3,TLF13,South and West Derbyshire,"4,391","4,538","4,821","5,102","5,316","5,538","5,957","6,269","6,548","6,802","7,200","7,390","7,483","7,567","7,903","8,200","8,611","8,810","9,462","9,493","9,657","10,064","10,397"
ITL3,TLF14,Nottingham,"2,314","2,367","2,459","2,542","2,570","2,653","2,710","2,719","2,830","2,901","3,051","3,142","3,185","3,240","3,304","3,449","3,659","3,798","4,015","4,111","4,189","4,311","4,454"
ITL3,TLF15,North Nottinghamshire,"3,780","3,936","4,147","4,417","4,601","4,802","4,986","5,304","5,462","5,603","6,031","6,221","6,396","6,394","6,480","6,684","6,874","7,159","7,648","7,690","7,941","8,374","8,695"
ITL3,TLF16,South Nottinghamshire,"3,557","3,661","3,836","3,947","4,162","4,296","4,461","4,635","4,763","4,939","5,285","5,449","5,544","5,535","5,590","5,882","6,105","6,326","6,563","6,588","6,733","6,949","7,174"
ITL2,TLF2,"Leicestershire, Rutland and Northamptonshire","15,874","16,042","16,821","17,878","18,508","19,071","19,938","20,811","21,751","22,680","24,343","24,694","25,099","25,536","26,550","27,695","28,594","29,683","31,607","32,031","33,363","34,855","35,783"
ITL3,TLF21,Leicester,"2,425","2,368","2,469","2,603","2,678","2,777","2,862","2,989","3,055","3,164","3,367","3,372","3,499","3,645","3,727","3,892","4,008","4,140","4,371","4,515","4,670","4,800","4,889"
ITL3,TLF22,Leicestershire CC and Rutland,"6,970","7,067","7,427","7,815","8,088","8,386","8,823","9,215","9,577","9,878","10,481","10,633","10,871","11,055","11,385","11,782","12,114","12,550","13,281","13,340","14,017","14,679","15,043"
ITL3,TLF24,West Northamptonshire,"3,679","3,748","3,925","4,240","4,397","4,482","4,641","4,820","5,092","5,383","5,862","5,920","5,917","6,002","6,431","6,756","6,979","7,276","7,812","7,967","8,260","8,746","9,003"
ITL3,TLF25,North Northamptonshire,"2,799","2,860","3,000","3,219","3,344","3,426","3,612","3,787","4,027","4,256","4,633","4,769","4,812","4,834","5,006","5,264","5,492","5,717","6,142","6,210","6,415","6,630","6,848"
ITL2,TLF3,Lincolnshire,"6,240","6,423","6,715","7,084","7,379","7,653","8,064","8,479","8,913","9,180","9,836","10,171","10,427","10,713","11,058","11,449","11,747","12,190","12,693","12,833","13,259","13,848","14,298"
ITL3,TLF30,Lincolnshire,"6,240","6,423","6,715","7,084","7,379","7,653","8,064","8,479","8,913","9,180","9,836","10,171","10,427","10,713","11,058","11,449","11,747","12,190","12,693","12,833","13,259","13,848","14,298"
ITL1,TLG,West Midlands,"51,875","53,591","55,697","58,704","60,766","62,612","64,253","66,646","68,438","71,219","73,787","76,386","78,405","79,996","81,978","84,776","87,891","91,375","96,846","99,278","100,919","105,915","108,891"
ITL2,TLG1,"Herefordshire, Worcestershire and Warwickshire","13,427","14,057","14,583","15,424","16,106","16,717","17,228","18,045","18,740","19,717","20,313","21,095","21,545","21,759","22,325","23,122","24,071","25,055","26,858","27,776","28,095","29,795","30,733"
ITL3,TLG11,"Herefordshire, County of","1,717","1,816","1,873","1,994","2,103","2,189","2,262","2,379","2,451","2,611","2,691","2,826","2,911","3,009","3,114","3,204","3,337","3,399","3,611","3,664","3,683","3,863","3,978"
ITL3,TLG12,Worcestershire,"5,943","6,274","6,472","6,740","7,022","7,292","7,446","7,852","8,252","8,716","8,851","9,099","9,276","9,298","9,524","9,836","10,274","10,704","11,410","11,708","11,916","12,584","12,962"
ITL3,TLG13,Warwickshire,"5,766","5,966","6,237","6,691","6,981","7,237","7,519","7,814","8,037","8,389","8,772","9,169","9,357","9,452","9,687","10,082","10,461","10,951","11,837","12,403","12,496","13,349","13,793"
ITL2,TLG2,Shropshire and Staffordshire,"14,733","15,301","15,903","16,590","17,145","17,705","18,366","18,925","19,615","20,568","21,475","22,371","22,863","23,244","23,806","24,554","25,412","26,216","27,809","28,166","28,790","30,221","31,084"
ITL3,TLG21,Telford and Wrekin,"1,514","1,569","1,620","1,628","1,638","1,717","1,813","1,907","1,916","2,013","2,108","2,149","2,207","2,265","2,372","2,470","2,534","2,616","2,776","2,864","2,895","3,012","3,102"
ITL3,TLG22,Shropshire CC,"2,947","3,126","3,199","3,348","3,427","3,566","3,722","3,904","4,021","4,281","4,456","4,748","4,911","4,967","5,113","5,228","5,353","5,518","5,901","6,030","6,183","6,521","6,699"
ITL3,TLG23,Stoke-on-Trent,"2,049","2,052","2,191","2,266","2,259","2,291","2,364","2,450","2,593","2,638","2,787","2,846","2,906","2,970","3,079","3,184","3,305","3,380","3,527","3,569","3,645","3,854","3,962"
ITL3,TLG24,Staffordshire CC,"8,223","8,554","8,894","9,349","9,821","10,131","10,467","10,663","11,086","11,636","12,124","12,628","12,839","13,043","13,243","13,672","14,220","14,703","15,605","15,703","16,068","16,834","17,320"
ITL2,TLG3,West Midlands,"23,716","24,233","25,211","26,690","27,515","28,189","28,658","29,676","30,083","30,935","31,999","32,921","33,997","34,993","35,847","37,099","38,408","40,104","42,180","43,336","44,034","45,900","47,074"
ITL3,TLG31,Birmingham,"8,767","8,967","9,316","9,902","10,208","10,454","10,674","11,038","11,212","11,631","11,997","12,369","12,739","13,183","13,485","13,955","14,360","15,047","15,803","16,232","16,409","17,097","17,547"
ITL3,TLG32,Solihull,"2,439","2,502","2,603","2,778","3,009","3,108","3,159","3,241","3,317","3,372","3,487","3,562","3,619","3,672","3,769","3,908","4,160","4,326","4,642","4,704","4,800","5,016","5,133"
ITL3,TLG33,Coventry,"2,751","2,762","2,890","3,124","3,239","3,316","3,316","3,448","3,427","3,497","3,705","3,829","3,962","4,098","4,225","4,367","4,542","4,725","4,975","5,187","5,339","5,584","5,703"
ITL3,TLG36,Dudley,"2,949","3,016","3,138","3,297","3,351","3,396","3,455","3,610","3,664","3,775","3,867","3,932","4,103","4,227","4,300","4,475","4,619","4,771","4,985","5,058","5,061","5,266","5,382"
ITL3,TLG37,Sandwell,"2,361","2,413","2,509","2,647","2,696","2,760","2,826","2,943","2,997","3,074","3,161","3,254","3,398","3,510","3,612","3,749","3,847","4,046","4,268","4,382","4,434","4,605","4,748"
ITL3,TLG38,Walsall,"2,276","2,346","2,434","2,529","2,551","2,638","2,673","2,761","2,793","2,853","2,947","3,044","3,165","3,235","3,327","3,434","3,576","3,756","3,922","4,052","4,190","4,372","4,480"
ITL3,TLG39,Wolverhampton,"2,173","2,227","2,320","2,413","2,461","2,519","2,556","2,635","2,674","2,733","2,834","2,930","3,011","3,068","3,131","3,211","3,304","3,433","3,585","3,721","3,801","3,960","4,082"
ITL1,TLH,East of England,"59,859","61,253","64,368","68,899","71,950","74,567","76,332","79,081","83,012","86,039","90,494","94,464","97,396","99,308","101,446","106,043","110,376","114,836","122,743","125,835","129,395","135,877","139,636"
ITL2,TLH1,East Anglia,"22,156","22,701","23,816","25,570","26,584","27,590","28,271","29,510","31,265","32,291","33,999","35,692","36,743","37,768","38,634","40,389","41,774","43,398","46,106","46,956","48,096","50,332","51,841"
ITL3,TLH11,Peterborough,"1,544","1,581","1,714","1,823","1,874","1,926","1,948","2,002","2,105","2,250","2,390","2,471","2,506","2,594","2,658","2,776","2,888","3,050","3,234","3,328","3,402","3,556","3,666"
ITL3,TLH12,Cambridgeshire CC,"6,180","6,431","6,855","7,254","7,385","7,767","7,902","8,356","9,061","9,499","9,919","10,250","10,510","10,748","10,941","11,450","12,017","12,678","13,456","13,892","14,176","14,827","15,331"
ITL3,TLH14,Suffolk,"6,719","6,806","7,080","7,771","8,095","8,425","8,683","9,108","9,576","9,874","10,344","11,020","11,418","11,606","11,771","12,299","12,672","13,079","13,929","14,093","14,424","15,103","15,473"
ITL3,TLH15,Norwich and East Norfolk,"3,267","3,319","3,429","3,643","3,836","3,924","4,029","4,153","4,329","4,375","4,642","4,869","5,008","5,203","5,382","5,623","5,778","5,913","6,301","6,207","6,317","6,581","6,781"
ITL3,TLH16,North and West Norfolk,"2,168","2,227","2,310","2,470","2,630","2,720","2,799","2,880","3,030","3,071","3,269","3,469","3,608","3,774","3,903","4,068","4,174","4,279","4,487","4,549","4,703","4,947","5,108"
ITL3,TLH17,Breckland and South Norfolk,"2,277","2,337","2,429","2,610","2,762","2,829","2,911","3,012","3,163","3,222","3,434","3,613","3,692","3,843","3,980","4,174","4,245","4,399","4,698","4,886","5,074","5,318","5,481"
ITL2,TLH2,Bedfordshire and Hertfordshire,"19,386","19,940","20,724","22,417","23,463","24,207","24,757","25,424","26,530","27,745","29,318","30,363","31,373","31,973","32,567","34,185","36,095","37,759","40,509","41,532","42,719","44,682","45,801"
ITL3,TLH21,Luton,"1,685","1,631","1,737","1,853","1,964","2,029","2,074","2,108","2,170","2,213","2,311","2,370","2,449","2,557","2,648","2,754","2,837","2,977","3,126","3,323","3,467","3,542","3,595"
ITL3,TLH23,Hertfordshire,"13,359","13,933","14,336","15,616","16,456","16,853","17,249","17,701","18,454","19,402","20,619","21,328","22,072","22,302","22,661","23,855","25,284","26,522","28,507","28,981","29,708","31,098","31,867"
ITL3,TLH24,Bedford,"1,598","1,614","1,712","1,821","1,850","1,954","1,995","2,065","2,174","2,259","2,356","2,465","2,542","2,632","2,698","2,787","2,899","3,026","3,280","3,422","3,553","3,754","3,868"
ITL3,TLH25,Central Bedfordshire,"2,744","2,762","2,939","3,126","3,193","3,372","3,439","3,550","3,732","3,871","4,032","4,201","4,309","4,481","4,559","4,788","5,075","5,235","5,596","5,807","5,990","6,288","6,471"
ITL2,TLH3,Essex,"18,318","18,611","19,828","20,913","21,902","22,770","23,304","24,147","25,218","26,003","27,177","28,409","29,280","29,566","30,246","31,469","32,508","33,679","36,127","37,348","38,581","40,864","41,994"
ITL3,TLH31,Southend-on-Sea,"1,756","1,781","1,879","1,977","2,072","2,167","2,224","2,234","2,305","2,380","2,487","2,576","2,683","2,769","2,832","2,922","3,048","3,176","3,380","3,468","3,575","3,748","3,880"
ITL3,TLH32,Thurrock,"1,371","1,415","1,465","1,520","1,601","1,718","1,795","1,855","1,932","2,008","2,121","2,224","2,292","2,361","2,404","2,491","2,577","2,729","2,890","3,029","3,133","3,351","3,478"
ITL3,TLH34,Essex Haven Gateway,"4,165","4,280","4,628","4,915","5,183","5,429","5,559","5,826","6,118","6,317","6,615","6,932","7,188","7,253","7,446","7,769","8,073","8,305","8,820","9,088","9,346","9,846","10,103"
ITL3,TLH35,West Essex,"3,500","3,569","3,774","4,001","4,147","4,255","4,314","4,494","4,735","4,875","5,097","5,350","5,431","5,458","5,629","5,908","6,101","6,314","7,034","7,177","7,525","8,075","8,255"
ITL3,TLH36,Heart of Essex,"3,823","3,826","4,078","4,294","4,472","4,605","4,712","4,876","5,068","5,217","5,426","5,661","5,833","5,841","5,947","6,168","6,359","6,656","7,096","7,443","7,672","8,063","8,268"
ITL3,TLH37,Essex Thames Gateway,"3,703","3,742","4,005","4,205","4,427","4,597","4,700","4,862","5,059","5,206","5,431","5,666","5,852","5,885","5,987","6,211","6,349","6,499","6,908","7,143","7,330","7,781","8,010"
ITL1,TLI,London,"91,968","95,716","103,140","112,813","117,826","120,797","125,727","132,864","142,446","150,241","163,124","170,883","172,433","176,787","179,265","192,797","205,489","216,700","235,581","242,647","245,642","260,634","271,155"
ITL2,TLI3,Inner London - West,"19,197","20,149","22,153","25,004","25,877","25,994","26,681","28,868","32,038","34,721","38,744","41,507","41,672","40,782","39,909","43,351","48,132","51,408","55,110","56,738","57,270","61,044","62,629"
ITL3,TLI31,Camden and City of London,"3,510","3,845","4,222","4,830","4,961","5,013","5,104","5,580","6,283","6,814","7,590","8,271","8,314","8,119","7,970","8,702","9,763","10,173","11,179","11,771","12,042","13,254","13,838"
ITL3,TLI32,Westminster,"3,825","4,023","4,504","5,080","5,332","5,401","5,578","6,061","6,800","7,342","8,151","8,732","8,743","8,711","8,611","9,470","10,447","11,268","12,445","13,092","13,092","13,696","14,025"
ITL3,TLI33,Kensington & Chelsea and Hammersmith & Fulham,"8,248","8,264","8,899","9,920","10,177","10,121","10,396","11,159","12,114","13,063","14,531","15,601","15,548","15,099","14,706","15,934","17,704","19,017","19,842","19,745","19,956","21,201","21,298"
ITL3,TLI34,Wandsworth,"3,614","4,017","4,528","5,175","5,408","5,458","5,602","6,068","6,841","7,501","8,472","8,902","9,068","8,854","8,622","9,245","10,218","10,950","11,643","12,130","12,180","12,892","13,468"
ITL2,TLI4,Inner London - East,"18,730","19,627","21,537","23,786","24,817","25,601","26,605","28,276","30,601","33,014","35,955","37,518","38,487","40,308","41,521","44,510","47,060","49,950","54,992","57,120","58,367","62,096","65,175"
ITL3,TLI41,Hackney and Newham,"2,685","2,992","3,412","3,967","4,297","4,543","4,849","5,231","5,808","6,405","7,060","7,471","7,806","8,210","8,544","9,162","9,910","10,459","11,612","12,253","12,619","13,437","14,222"
ITL3,TLI42,Tower Hamlets,"2,422","2,504","2,721","2,979","3,121","3,229","3,361","3,568","3,821","4,099","4,461","4,659","4,849","5,066","5,195","5,561","5,928","6,285","6,926","7,388","7,566","8,088","8,575"
ITL3,TLI43,Haringey and Islington,"5,941","6,077","6,543","7,054","7,243","7,459","7,619","8,024","8,571","9,179","9,956","10,367","10,526","10,987","11,256","12,074","12,492","13,213","14,292","14,377","14,640","15,409","15,995"
ITL3,TLI44,Lewisham and Southwark,"4,809","5,058","5,562","6,138","6,396","6,536","6,834","7,264","7,883","8,497","9,203","9,554","9,736","10,206","10,504","11,256","11,915","12,764","13,879","14,331","14,766","15,762","16,476"
ITL3,TLI45,Lambeth,"2,873","2,996","3,299","3,648","3,760","3,833","3,943","4,189","4,518","4,835","5,275","5,468","5,569","5,840","6,021","6,457","6,815","7,228","8,283","8,771","8,775","9,400","9,907"
ITL2,TLI5,Outer London - East and North East,"17,299","17,737","18,623","19,986","21,270","21,924","22,892","23,860","24,899","25,719","27,621","28,802","29,114","30,218","30,848","32,954","34,309","35,805","38,932","40,402","41,117","43,458","45,460"
ITL3,TLI51,Bexley and Greenwich,"5,431","5,487","5,744","6,096","6,437","6,607","6,877","7,148","7,429","7,656","8,144","8,432","8,517","8,826","8,975","9,449","9,874","10,313","11,079","11,503","11,648","12,252","12,922"
ITL3,TLI52,Barking & Dagenham and Havering,"3,949","4,087","4,295","4,609","4,905","5,062","5,295","5,505","5,715","5,880","6,317","6,591","6,654","6,912","7,053","7,535","7,829","8,087","8,728","9,119","9,304","9,878","10,282"
ITL3,TLI53,Redbridge and Waltham Forest,"5,002","5,140","5,413","5,817","6,232","6,465","6,755","7,053","7,394","7,664","8,246","8,608","8,724","9,088","9,314","10,041","10,483","10,960","12,065","12,469","12,867","13,713","14,341"
ITL3,TLI54,Enfield,"2,917","3,022","3,170","3,464","3,697","3,791","3,965","4,155","4,361","4,520","4,914","5,171","5,219","5,391","5,506","5,928","6,124","6,446","7,060","7,311","7,297","7,615","7,914"
ITL2,TLI6,Outer London - South,"14,535","15,061","16,068","17,410","18,065","18,509","19,444","20,572","21,686","22,343","23,832","24,479","24,244","25,121","25,747","27,510","28,821","29,905","32,283","33,099","33,207","35,318","36,840"
ITL3,TLI61,Bromley,"4,062","4,222","4,489","4,827","4,998","5,111","5,402","5,719","6,018","6,210","6,586","6,711","6,642","6,861","7,031","7,513","7,821","8,244","8,918","9,094","9,110","9,632","10,022"
ITL3,TLI62,Croydon,"3,371","3,520","3,774","4,137","4,349","4,508","4,773","5,057","5,356","5,538","5,942","6,155","6,117","6,351","6,557","7,015","7,340","7,538","8,178","8,402","8,559","9,094","9,514"
ITL3,TLI63,"Merton, Kingston upon Thames and Sutton","7,102","7,319","7,804","8,446","8,718","8,890","9,268","9,795","10,311","10,596","11,304","11,612","11,484","11,909","12,159","12,982","13,660","14,123","15,186","15,603","15,539","16,592","17,304"
ITL2,TLI7,Outer London - West and North West,"22,207","23,143","24,760","26,628","27,797","28,768","30,105","31,289","33,224","34,443","36,972","38,578","38,916","40,358","41,239","44,472","47,166","49,631","54,264","55,288","55,681","58,718","61,051"
ITL3,TLI71,Barnet,"3,853","4,093","4,387","4,794","5,009","5,203","5,478","5,707","6,122","6,405","6,899","7,202","7,234","7,531","7,709","8,388","8,829","9,439","10,625","11,091","11,223","11,870","12,465"
ITL3,TLI72,Brent,"2,750","2,916","3,142","3,424","3,627","3,782","3,945","4,087","4,401","4,581","4,979","5,240","5,407","5,602","5,790","6,259","6,695","7,052","7,637","7,782","7,906","8,396","8,698"
ITL3,TLI73,Ealing,"3,797","3,923","4,231","4,509","4,721","4,881","5,089","5,277","5,542","5,713","6,108","6,379","6,462","6,719","6,887","7,390","7,883","8,361","9,067","9,133","9,039","9,319","9,623"
ITL3,TLI74,Harrow and Hillingdon,"5,161","5,426","5,824","6,268","6,587","6,883","7,264","7,569","8,061","8,305","8,929","9,315","9,308","9,703","9,906","10,650","11,314","11,755","12,782","13,200","13,317","13,945","14,462"
ITL3,TLI75,Hounslow and Richmond upon Thames,"6,645","6,784","7,176","7,633","7,853","8,020","8,330","8,649","9,097","9,439","10,056","10,442","10,504","10,804","10,947","11,784","12,445","13,023","14,153","14,082","14,196","15,188","15,802"
ITL1,TLJ,South East,"101,459","103,757","108,304","115,619","119,255","123,081","124,977","130,212","136,416","143,501","151,874","156,561","160,470","162,876","166,640","174,264","182,061","188,017","201,288","205,880","210,806","220,334","226,888"
ITL2,TLJ1,"Berkshire, Buckinghamshire and Oxfordshire","28,060","28,693","29,865","32,129","32,836","33,808","34,353","35,740","37,332","39,678","42,064","43,415","44,292","44,639","45,723","47,768","49,848","51,773","55,834","57,284","58,769","61,372","63,295"
ITL3,TLJ11,Berkshire,"10,926","11,164","11,499","12,398","12,520","12,833","13,051","13,386","14,047","14,743","15,957","16,465","16,646","16,749","17,230","18,031","18,932","19,520","20,878","21,493","22,008","22,947","23,706"
ITL3,TLJ12,Milton Keynes,"2,221","2,287","2,411","2,595","2,705","2,897","2,984","3,178","3,350","3,514","3,753","3,930","4,001","4,180","4,273","4,422","4,569","4,777","5,168","5,335","5,528","5,815","5,959"
ITL3,TLJ13,Buckinghamshire CC,"7,037","7,184","7,530","8,029","8,364","8,528","8,594","8,993","9,381","10,120","10,610","10,944","11,233","11,295","11,485","11,899","12,381","12,907","13,952","14,458","14,787","15,330","15,799"
ITL3,TLJ14,Oxfordshire,"7,875","8,057","8,425","9,107","9,247","9,551","9,724","10,182","10,553","11,301","11,743","12,076","12,412","12,415","12,735","13,416","13,966","14,570","15,835","15,998","16,447","17,279","17,831"
ITL2,TLJ2,"Surrey, East and West Sussex","35,011","36,189","37,830","39,952","41,159","42,367","42,924","44,471","47,111","49,745","52,442","53,781","54,711","55,826","57,032","59,756","62,841","64,709","69,357","70,783","72,303","75,622","77,581"
ITL3,TLJ21,Brighton and Hove,"2,942","2,988","3,132","3,348","3,499","3,606","3,652","3,796","4,050","4,151","4,348","4,552","4,743","4,787","4,905","5,068","5,283","5,461","5,877","6,020","6,191","6,495","6,732"
ITL3,TLJ22,East Sussex CC,"5,688","5,814","6,114","6,477","6,748","6,975","7,150","7,350","7,719","8,064","8,738","9,052","9,234","9,603","9,630","9,975","10,517","10,756","11,442","11,746","11,914","12,280","12,578"
ITL3,TLJ25,West Surrey,"11,299","11,748","12,378","12,903","13,108","13,492","13,556","14,035","14,927","15,998","16,752","17,080","17,345","17,584","18,022","19,009","20,090","20,797","22,365","22,661","23,138","24,357","24,812"
ITL3,TLJ26,East Surrey,"5,472","5,734","6,013","6,304","6,410","6,622","6,678","6,919","7,408","7,974","8,410","8,589","8,621","8,759","8,955","9,489","9,936","10,246","11,076","11,225","11,447","11,921","12,278"
ITL3,TLJ27,West Sussex (South West),"4,551","4,760","4,913","5,303","5,589","5,764","5,886","6,134","6,482","6,781","7,113","7,279","7,446","7,639","7,850","8,237","8,641","8,853","9,527","9,757","10,033","10,461","10,720"
ITL3,TLJ28,West Sussex (North East),"5,060","5,145","5,279","5,618","5,804","5,909","6,003","6,237","6,525","6,776","7,082","7,230","7,321","7,454","7,670","7,978","8,374","8,597","9,071","9,374","9,579","10,107","10,461"
ITL2,TLJ3,Hampshire and Isle of Wight,"20,511","20,855","21,724","23,247","24,150","25,043","25,430","26,587","27,546","28,623","30,361","31,440","32,544","32,934","33,680","35,252","36,556","37,522","39,998","40,596","41,640","43,499","44,884"
ITL3,TLJ31,Portsmouth,"1,775","1,777","1,867","2,028","2,024","2,115","2,152","2,196","2,227","2,263","2,375","2,460","2,620","2,659","2,728","2,761","2,887","2,964","3,210","3,319","3,405","3,552","3,659"
ITL3,TLJ32,Southampton,"2,054","2,049","2,088","2,240","2,333","2,438","2,482","2,580","2,646","2,762","2,935","2,997","3,097","3,139","3,222","3,324","3,439","3,544","3,735","3,922","4,084","4,285","4,426"
ITL3,TLJ34,Isle of Wight,"1,252","1,291","1,341","1,423","1,541","1,596","1,620","1,709","1,804","1,896","1,991","2,050","2,148","2,189","2,224","2,254","2,303","2,317","2,406","2,434","2,489","2,620","2,724"
ITL3,TLJ35,South Hampshire,"4,425","4,513","4,754","5,059","5,315","5,568","5,667","5,928","6,147","6,381","6,783","7,040","7,330","7,412","7,607","8,033","8,413","8,621","9,035","9,084","9,210","9,562","9,870"
ITL3,TLJ36,Central Hampshire,"6,570","6,737","7,014","7,547","7,825","8,072","8,189","8,610","8,980","9,372","9,945","10,343","10,625","10,738","10,941","11,542","11,839","12,197","13,145","13,299","13,641","14,282","14,764"
ITL3,TLJ37,North Hampshire,"4,436","4,488","4,660","4,949","5,113","5,253","5,320","5,565","5,741","5,949","6,332","6,549","6,724","6,797","6,957","7,338","7,675","7,879","8,468","8,538","8,810","9,198","9,441"
ITL2,TLJ4,Kent,"17,877","18,020","18,885","20,291","21,110","21,863","22,269","23,413","24,428","25,456","27,007","27,925","28,923","29,476","30,205","31,488","32,816","34,012","36,098","37,217","38,093","39,841","41,127"
ITL3,TLJ41,Medway,"2,624","2,606","2,730","2,913","3,036","3,136","3,180","3,339","3,453","3,572","3,786","3,901","4,066","4,113","4,214","4,352","4,466","4,609","4,902","5,047","5,137","5,338","5,519"
ITL3,TLJ43,Kent Thames Gateway,"3,153","3,204","3,380","3,615","3,774","3,946","4,031","4,203","4,379","4,554","4,845","5,021","5,206","5,313","5,454","5,673","5,925","6,148","6,528","6,836","7,052","7,406","7,704"
ITL3,TLJ44,East Kent,"4,135","4,246","4,516","4,872","5,136","5,400","5,559","5,866","6,174","6,436","6,864","7,124","7,499","7,694","7,921","8,276","8,624","8,906","9,381","9,679","9,895","10,272","10,573"
ITL3,TLJ45,Mid Kent,"2,985","3,002","3,136","3,385","3,519","3,616","3,682","3,873","4,042","4,228","4,481","4,623","4,757","4,854","4,952","5,197","5,453","5,638","5,901","6,145","6,297","6,593","6,789"
ITL3,TLJ46,West Kent,"4,980","4,963","5,122","5,506","5,646","5,765","5,817","6,132","6,380","6,666","7,031","7,256","7,395","7,503","7,665","7,990","8,347","8,712","9,385","9,510","9,713","10,231","10,543"
ITL1,TLK,South West,"53,688","55,016","57,442","60,687","63,006","64,648","66,523","69,208","72,757","76,865","80,507","83,698","84,347","87,000","89,395","92,260","95,944","99,800","105,488","107,400","110,024","116,059","119,370"
ITL2,TLK1,"Gloucestershire, Wiltshire and Bath/Bristol area","24,564","25,136","26,471","28,020","28,922","29,459","30,259","31,440","33,163","35,018","36,660","38,099","38,356","39,449","40,588","41,975","44,000","46,072","49,082","50,058","51,089","54,189","55,869"
ITL3,TLK11,"Bristol, City of","4,034","4,083","4,282","4,543","4,722","4,783","4,885","5,099","5,307","5,589","5,903","6,106","6,135","6,402","6,638","6,823","7,144","7,488","8,027","8,369","8,611","9,079","9,383"
ITL3,TLK12,"Bath and North East Somerset, North Somerset and South Gloucestershire","7,065","7,359","7,778","8,053","8,155","8,292","8,606","8,857","9,302","9,898","10,350","10,835","10,844","11,108","11,421","11,869","12,449","12,954","14,067","14,258","14,454","15,451","15,994"
ITL3,TLK13,Gloucestershire,"6,550","6,619","6,963","7,401","7,663","7,718","7,815","8,231","8,859","9,338","9,713","10,078","10,150","10,456","10,657","11,056","11,600","12,257","12,911","13,092","13,238","13,965","14,344"
ITL3,TLK14,Swindon,"1,957","2,055","2,183","2,317","2,421","2,518","2,579","2,646","2,774","2,909","3,044","3,169","3,281","3,302","3,401","3,518","3,646","3,812","3,992","4,103","4,205","4,434","4,559"
ITL3,TLK15,Wiltshire,"4,958","5,020","5,264","5,706","5,961","6,148","6,375","6,606","6,921","7,285","7,650","7,911","7,946","8,181","8,470","8,709","9,161","9,561","10,085","10,237","10,581","11,261","11,590"
ITL2,TLK2,Dorset and Somerset,"13,227","13,663","14,217","15,002","15,611","15,968","16,576","17,242","18,047","19,168","20,110","20,825","20,677","21,568","22,252","22,852","23,646","24,528","25,812","26,093","26,702","28,094","28,829"
ITL3,TLK23,Somerset,"5,302","5,481","5,704","5,950","6,261","6,381","6,656","7,001","7,314","7,751","8,106","8,456","8,465","8,810","9,035","9,254","9,504","9,930","10,402","10,526","10,837","11,416","11,710"
ITL3,TLK24,"Bournemouth, Christchurch and Poole","3,971","4,066","4,259","4,537","4,686","4,765","4,881","5,058","5,314","5,609","5,946","6,104","6,011","6,306","6,518","6,704","7,007","7,213","7,692","7,768","7,926","8,329","8,560"
ITL3,TLK25,Dorset,"3,955","4,116","4,255","4,514","4,664","4,822","5,038","5,182","5,419","5,808","6,058","6,265","6,201","6,452","6,699","6,894","7,135","7,384","7,719","7,800","7,938","8,348","8,559"
ITL2,TLK3,Cornwall and Isles of Scilly,"4,802","4,921","5,041","5,373","5,711","6,010","6,143","6,399","6,677","7,031","7,377","7,632","7,765","8,081","8,340","8,617","8,808","9,078","9,463","9,773","10,170","10,541","10,789"
ITL3,TLK30,Cornwall and Isles of Scilly,"4,802","4,921","5,041","5,373","5,711","6,010","6,143","6,399","6,677","7,031","7,377","7,632","7,765","8,081","8,340","8,617","8,808","9,078","9,463","9,773","10,170","10,541","10,789"
ITL2,TLK4,Devon,"11,094","11,296","11,712","12,292","12,762","13,210","13,545","14,128","14,870","15,648","16,360","17,142","17,548","17,901","18,215","18,816","19,490","20,123","21,131","21,476","22,063","23,235","23,882"
ITL3,TLK41,Plymouth,"2,274","2,299","2,362","2,504","2,551","2,613","2,706","2,806","2,904","3,032","3,189","3,309","3,384","3,559","3,651","3,709","3,817","3,946","4,081","4,120","4,278","4,452","4,546"
ITL3,TLK42,Torbay,"1,243","1,255","1,320","1,447","1,465","1,496","1,550","1,614","1,714","1,779","1,822","1,912","1,931","1,978","2,013","2,067","2,142","2,229","2,291","2,344","2,395","2,490","2,548"
ITL3,TLK43,Devon CC,"7,578","7,742","8,031","8,341","8,746","9,101","9,289","9,708","10,252","10,837","11,349","11,921","12,233","12,364","12,551","13,040","13,531","13,948","14,759","15,012","15,391","16,292","16,789"
ITL1,TLL,Wales,"27,293","27,481","28,781","30,815","31,911","33,064","34,367","35,892","37,041","38,388","39,827","41,707","41,814","42,733","43,820","45,375","46,168","47,516","49,197","49,582","50,994","53,610","54,427"
ITL2,TLL1,West Wales and The Valleys,"17,064","17,129","17,795","18,882","19,644","20,300","21,105","22,065","22,809","23,555","24,402","25,542","25,642","26,081","26,650","27,691","28,206","28,944","29,849","30,026","30,727","32,205","32,795"
ITL3,TLL11,Isle of Anglesey,658,673,690,724,733,753,792,847,863,872,916,975,993,"1,013","1,040","1,076","1,103","1,121","1,152","1,148","1,168","1,217","1,228"
ITL3,TLL12,Gwynedd,"1,047","1,051","1,098","1,147","1,213","1,271","1,305","1,387","1,437","1,515","1,545","1,566","1,601","1,632","1,656","1,708","1,733","1,790","1,859","1,866","1,893","1,955","1,986"
ITL3,TLL13,Conwy and Denbighshire,"2,063","2,074","2,129","2,250","2,342","2,450","2,534","2,643","2,779","2,812","2,893","3,044","3,020","3,077","3,182","3,295","3,336","3,421","3,515","3,507","3,582","3,779","3,845"
ITL3,TLL14,South West Wales,"3,242","3,290","3,393","3,468","3,635","3,835","4,039","4,203","4,463","4,749","4,876","5,147","5,193","5,333","5,498","5,726","5,800","5,935","6,077","6,110","6,194","6,498","6,601"
ITL3,TLL15,Central Valleys,"2,388","2,338","2,448","2,654","2,825","2,949","3,023","3,197","3,322","3,407","3,543","3,653","3,660","3,741","3,803","3,944","4,032","4,120","4,271","4,313","4,482","4,702","4,788"
ITL3,TLL16,Gwent Valleys,"2,929","2,927","3,104","3,388","3,446","3,508","3,673","3,812","3,859","3,895","4,077","4,200","4,178","4,270","4,382","4,570","4,674","4,732","4,922","5,024","5,112","5,349","5,469"
ITL3,TLL17,Bridgend and Neath Port Talbot,"2,585","2,609","2,671","2,894","2,958","2,956","3,088","3,221","3,308","3,423","3,593","3,732","3,731","3,788","3,824","3,981","4,107","4,213","4,357","4,389","4,546","4,763","4,863"
ITL3,TLL18,Swansea,"2,152","2,167","2,262","2,356","2,492","2,579","2,651","2,754","2,778","2,882","2,959","3,225","3,266","3,228","3,265","3,391","3,421","3,611","3,695","3,669","3,750","3,943","4,017"
ITL2,TLL2,East Wales,"10,230","10,352","10,986","11,934","12,267","12,764","13,262","13,827","14,232","14,833","15,425","16,165","16,173","16,652","17,170","17,684","17,963","18,572","19,347","19,556","20,267","21,406","21,632"
ITL3,TLL21,Monmouthshire and Newport,"2,188","2,180","2,344","2,579","2,677","2,816","2,886","2,949","3,068","3,192","3,402","3,545","3,461","3,552","3,677","3,818","3,837","4,017","4,171","4,271","4,378","4,683","4,804"
ITL3,TLL22,Cardiff and Vale of Glamorgan,"4,249","4,367","4,617","4,919","5,044","5,270","5,489","5,715","5,850","6,158","6,373","6,711","6,803","6,992","7,178","7,354","7,471","7,702","8,045","8,098","8,455","8,990","9,065"
ITL3,TLL23,Flintshire and Wrexham,"2,640","2,661","2,798","3,095","3,165","3,249","3,382","3,541","3,624","3,722","3,837","3,995","3,986","4,103","4,283","4,416","4,540","4,710","4,933","4,982","5,122","5,317","5,341"
ITL3,TLL24,Powys,"1,153","1,144","1,227","1,340","1,382","1,428","1,505","1,622","1,690","1,762","1,812","1,913","1,923","2,005","2,032","2,096","2,114","2,143","2,198","2,206","2,312","2,416","2,422"
ITL1,TLM,Scotland,"49,607","50,721","52,625","56,196","58,607","60,993","62,782","65,850","68,606","71,842","76,326","80,057","81,290","83,169","85,722","88,622","91,680","94,008","97,512","98,567","100,244","103,922","107,346"
ITL2,TLM5,North Eastern Scotland,"4,911","4,975","4,949","5,300","5,536","5,755","5,872","6,313","6,840","7,240","7,818","8,289","8,528","8,822","9,353","9,780","10,431","10,750","10,843","10,305","10,289","10,593","10,851"
ITL3,TLM50,Aberdeen City and Aberdeenshire,"4,911","4,975","4,949","5,300","5,536","5,755","5,872","6,313","6,840","7,240","7,818","8,289","8,528","8,822","9,353","9,780","10,431","10,750","10,843","10,305","10,289","10,593","10,851"
ITL2,TLM6,Highlands and Islands,"3,883","3,952","4,047","4,279","4,476","4,698","4,819","5,062","5,313","5,774","6,172","6,906","7,119","7,347","7,396","7,696","7,942","8,067","8,411","8,514","8,630","8,978","9,317"
ITL3,TLM61,Caithness and Sutherland and Ross and Cromarty,873,891,915,956,"1,000","1,058","1,076","1,118","1,185","1,269","1,304","1,377","1,439","1,479","1,521","1,604","1,668","1,647","1,714","1,728","1,737","1,752","1,803"
ITL3,TLM62,"Inverness and Nairn and Moray, Badenoch and Strathspey","1,556","1,580","1,640","1,714","1,793","1,865","1,916","2,000","2,070","2,316","2,527","3,016","3,039","3,146","3,124","3,263","3,402","3,501","3,660","3,703","3,785","3,986","4,120"
ITL3,TLM63,"Lochaber, Skye and Lochalsh, Arran and Cumbrae and Argyll and Bute",842,860,856,949,"1,006","1,075","1,106","1,165","1,238","1,333","1,405","1,506","1,560","1,597","1,595","1,641","1,659","1,667","1,728","1,770","1,790","1,871","1,955"
ITL3,TLM64,Na h-Eileanan Siar,241,245,243,251,263,277,285,298,318,311,346,362,376,393,400,404,408,420,452,447,455,484,516
ITL3,TLM65,Orkney Islands,157,168,179,172,182,189,194,217,226,249,282,303,325,344,365,379,385,385,388,395,400,421,442
ITL3,TLM66,Shetland Islands,213,208,213,237,231,234,243,263,276,296,309,341,380,389,391,404,421,448,469,472,462,465,480
ITL2,TLM7,Eastern Scotland,"18,179","18,735","19,581","20,925","21,892","22,743","23,531","24,766","25,672","26,881","28,528","29,663","29,921","30,581","31,831","33,019","34,146","34,986","36,428","37,212","38,074","39,627","41,117"
ITL3,TLM71,Angus and Dundee City,"2,451","2,477","2,551","2,730","2,860","2,987","3,016","3,129","3,174","3,295","3,527","3,782","3,788","3,792","3,914","4,024","4,214","4,334","4,452","4,468","4,480","4,643","4,781"
ITL3,TLM72,Clackmannanshire and Fife,"3,595","3,729","3,866","4,132","4,287","4,512","4,660","4,908","5,067","5,122","5,563","5,859","5,968","6,101","6,242","6,452","6,721","6,858","7,163","7,307","7,469","7,659","7,874"
ITL3,TLM73,East Lothian and Midlothian,"1,685","1,739","1,844","1,952","1,988","2,055","2,224","2,395","2,516","2,616","2,765","2,926","2,972","3,128","3,231","3,324","3,514","3,649","3,793","3,838","3,904","4,077","4,359"
ITL3,TLM75,City of Edinburgh,"5,429","5,619","5,916","6,302","6,594","6,849","6,978","7,222","7,549","7,975","8,243","8,463","8,579","8,789","9,250","9,699","9,908","10,150","10,653","10,997","11,321","11,891","12,378"
ITL3,TLM76,Falkirk,"1,261","1,292","1,391","1,455","1,546","1,614","1,693","1,782","1,874","1,986","2,121","2,217","2,201","2,206","2,311","2,421","2,486","2,506","2,591","2,678","2,786","2,935","3,024"
ITL3,TLM77,Perth and Kinross and Stirling,"2,469","2,529","2,546","2,706","2,862","2,867","3,007","3,302","3,414","3,672","3,846","3,930","3,956","4,028","4,281","4,408","4,518","4,595","4,774","4,834","4,920","5,099","5,278"
ITL3,TLM78,West Lothian,"1,289","1,350","1,467","1,648","1,755","1,859","1,953","2,027","2,078","2,216","2,462","2,486","2,457","2,538","2,603","2,691","2,785","2,894","3,003","3,091","3,195","3,323","3,423"
ITL2,TLM8,West Central Scotland,"14,041","14,285","15,042","16,094","16,738","17,285","17,692","18,179","18,788","19,491","20,614","21,464","21,766","22,002","22,429","23,077","23,666","24,394","25,449","25,994","26,461","27,361","28,153"
ITL3,TLM81,"East Dunbartonshire, West Dunbartonshire and Helensburgh and Lomond","2,187","2,247","2,500","2,703","2,766","2,870","2,910","2,987","3,115","3,259","3,376","3,539","3,578","3,650","3,729","3,838","3,902","3,968","4,169","4,258","4,410","4,600","4,757"
ITL3,TLM82,Glasgow City,"5,346","5,418","5,665","6,020","6,265","6,517","6,707","6,851","6,970","7,266","7,751","7,958","8,129","8,185","8,361","8,619","8,762","9,063","9,424","9,706","9,853","10,117","10,348"
ITL3,TLM83,"Inverclyde, East Renfrewshire and Renfrewshire","3,669","3,724","3,867","4,149","4,357","4,408","4,481","4,604","4,789","4,973","5,194","5,460","5,510","5,544","5,609","5,765","5,989","6,119","6,470","6,505","6,611","6,873","7,111"
ITL3,TLM84,North Lanarkshire,"2,839","2,897","3,009","3,222","3,350","3,490","3,594","3,738","3,914","3,993","4,293","4,507","4,548","4,623","4,730","4,856","5,013","5,244","5,387","5,525","5,588","5,772","5,937"
ITL2,TLM9,Southern Scotland,"8,594","8,774","9,007","9,598","9,964","10,512","10,868","11,530","11,993","12,457","13,194","13,735","13,957","14,416","14,713","15,050","15,496","15,812","16,380","16,542","16,791","17,362","17,909"
ITL3,TLM91,Scottish Borders,"1,016","1,056","1,077","1,164","1,211","1,266","1,372","1,465","1,535","1,610","1,699","1,790","1,821","1,878","1,917","1,912","1,996","2,098","2,152","2,194","2,227","2,267","2,359"
ITL3,TLM92,Dumfries and Galloway,"1,391","1,423","1,446","1,515","1,557","1,627","1,687","1,783","1,817","1,915","2,044","2,173","2,249","2,288","2,321","2,392","2,443","2,492","2,587","2,643","2,648","2,698","2,799"
ITL3,TLM93,East Ayrshire and North Ayrshire mainland,"2,134","2,149","2,182","2,360","2,509","2,646","2,728","2,891","2,992","3,094","3,303","3,376","3,431","3,583","3,634","3,699","3,861","3,931","4,041","4,052","4,096","4,245","4,357"
ITL3,TLM94,South Ayrshire,"1,092","1,109","1,152","1,210","1,279","1,327","1,401","1,483","1,524","1,608","1,654","1,737","1,763","1,825","1,880","1,947","1,999","2,023","2,065","2,077","2,082","2,138","2,188"
ITL3,TLM95,South Lanarkshire,"2,960","3,037","3,149","3,349","3,409","3,646","3,679","3,909","4,126","4,231","4,494","4,659","4,693","4,841","4,962","5,100","5,197","5,269","5,534","5,577","5,738","6,014","6,205"
ITL1,TLN,Northern Ireland,"14,552","14,659","15,252","16,211","16,637","17,704","18,525","19,627","20,853","21,971","22,734","23,405","23,811","24,385","25,192","25,783","26,870","27,813","28,990","29,588","30,463","31,770","32,820"
ITL2,TLN0,Northern Ireland,"14,552","14,659","15,252","16,211","16,637","17,704","18,525","19,627","20,853","21,971","22,734","23,405","23,811","24,385","25,192","25,783","26,870","27,813","28,990","29,588","30,463","31,770","32,820"
ITL3,TLN06,Belfast,"3,347","3,365","3,438","3,611","3,644","3,798","3,807","3,908","3,989","4,148","4,210","4,445","4,555","4,629","4,703","4,795","4,992","5,071","5,213","5,249","5,347","5,627","5,831"
ITL3,TLN07,"Armagh City, Banbridge and Craigavon","1,454","1,474","1,532","1,603","1,675","1,791","1,889","2,039","2,187","2,360","2,485","2,555","2,587","2,677","2,766","2,798","2,962","3,146","3,274","3,274","3,350","3,494","3,600"
ITL3,TLN08,"Newry, Mourne and Down","1,259","1,271","1,334","1,405","1,449","1,545","1,646","1,766","1,922","2,052","2,123","2,180","2,205","2,255","2,354","2,394","2,495","2,570","2,606","2,696","2,785","2,925","3,034"
ITL3,TLN09,Ards and North Down,"1,388","1,398","1,456","1,562","1,610","1,714","1,771","1,849","1,955","2,055","2,142","2,217","2,248","2,291","2,362","2,427","2,531","2,573","2,662","2,753","2,863","2,970","3,061"
ITL3,TLN0A,Derry City and Strabane,993,"1,003","1,062","1,119","1,167","1,281","1,369","1,475","1,613","1,687","1,717","1,727","1,763","1,826","1,883","1,933","1,998","2,066","2,093","2,142","2,190","2,251","2,319"
ITL3,TLN0B,Mid Ulster,897,907,956,"1,013","1,040","1,103","1,206","1,321","1,433","1,532","1,600","1,619","1,640","1,694","1,777","1,810","1,891","2,008","2,112","2,211","2,355","2,464","2,549"
ITL3,TLN0C,Causeway Coast and Glens,903,908,955,"1,022","1,095","1,209","1,288","1,378","1,520","1,602","1,624","1,619","1,676","1,744","1,840","1,874","1,942","2,018","2,194","2,280","2,353","2,426","2,494"
ITL3,TLN0D,Antrim and Newtownabbey,"1,186","1,193","1,243","1,349","1,368","1,454","1,516","1,598","1,678","1,750","1,849","1,919","1,945","1,969","2,042","2,105","2,192","2,267","2,320","2,308","2,381","2,466","2,543"
ITL3,TLN0E,Lisburn and Castlereagh,"1,173","1,169","1,216","1,332","1,360","1,435","1,497","1,575","1,664","1,728","1,816","1,882","1,915","1,959","2,017","2,107","2,213","2,299","2,507","2,584","2,654","2,801","2,887"
ITL3,TLN0F,Mid and East Antrim,"1,161","1,167","1,211","1,311","1,313","1,401","1,472","1,557","1,641","1,733","1,814","1,875","1,897","1,926","1,978","2,041","2,122","2,220","2,322","2,350","2,389","2,491","2,576"
ITL3,TLN0G,Fermanagh and Omagh,793,805,849,884,916,972,"1,064","1,160","1,253","1,325","1,355","1,368","1,379","1,417","1,468","1,500","1,531","1,576","1,687","1,743","1,795","1,855","1,926"
